word,pos,ws,wsk,url,vis,top1,top3,top5,top10,top50
смм питер,29,76,8,/,89,2,2,2,3,22
smm агентство спб,32,1,1,/,89,2,2,2,3,22
брендинговое агентство спб,33,54,16,/,89,2,2,2,3,22
коммуникационные агентства спб,44,26,4,/,89,2,2,2,3,22
кроп медиа,1,49,34,/,89,2,2,2,3,22
кроп сайт,29,333,9,/,89,2,2,2,3,22
кропе,39,288301,2,/,89,2,2,2,3,22
медиа креатив,45,332,35,/,89,2,2,2,3,22
смм агентства спб,14,25,8,/,89,2,2,2,3,22
диджитал агентства спб,18,12,2,/,89,2,2,2,3,22
смм агентство спб,20,25,14,/,89,2,2,2,3,22
кропа,30,288364,65,/,89,2,2,2,3,22
crop сайт,40,82,8,/,89,2,2,2,3,22
герман архипов,42,22,1,/,89,2,2,2,3,22
crop media,1,218,55,/,89,2,2,2,3,22
медиа агентство спб,6,12,0,/,89,2,2,2,3,22
брендинговые агентства спб,22,54,15,/,89,2,2,2,3,22
креативное агентство спб,27,47,16,/,89,2,2,2,3,22
кропс,38,1078,51,/,89,2,2,2,3,22
смм недвижимость,40,56,8,/,89,2,2,2,3,22
лучшие креативные агентства россии,44,8,4,/,89,2,2,2,3,22
промогрупп медиа,45,31,7,/,89,2,2,2,3,22
ауринко делюкс солнечное,10,11,8,/aurinko-deluxe,0,0,0,0,1,3
aurinko deluxe,18,79,14,/aurinko-deluxe,0,0,0,0,1,3
ауринко делюкс,21,60,26,/aurinko-deluxe,0,0,0,0,1,3
клубный дом дуалист,23,68,29,/bfa-dualist,0,0,0,0,0,1
медиа 360,38,175,12,/branding,0,0,0,0,0,2
заказать брендинг,17,124,13,/branding,0,0,0,0,0,2
кроп it,15,6,0,/case,0,0,0,0,0,5
креат медиа гродно,43,2,2,/case,0,0,0,0,0,5
ооо кропс групп,48,28,22,/case,0,0,0,0,0,5
кроп ньюс,42,16,8,/case,0,0,0,0,0,5
компания кропс групп,39,2,2,/case,0,0,0,0,0,5
агрохолдинг юрма официальный сайт,38,11,0,/chuva,0,0,0,0,0,8
агрохолдинг юрма чебоксары,39,15,1,/chuva,0,0,0,0,0,8
chuva,28,1248,46,/chuva,0,0,0,0,0,8
агрохолдинг чува птицефабрика,30,7,6,/chuva,0,0,0,0,0,8
chuva курица,41,62,11,/chuva,0,0,0,0,0,8
агрохолдинг chuva,24,91,22,/chuva,0,0,0,0,0,8
чува,30,23412,166,/chuva,0,0,0,0,0,8
агрохолдинг юрма чебоксары официальный сайт,43,9,8,/chuva,0,0,0,0,0,8
контент мейкер кто это,38,319,200,/content-creator,0,0,0,0,0,3
как стать контент мейкером,33,113,17,/content-creator,0,0,0,0,0,3
контент мейкер это,38,847,366,/content-creator,0,0,0,0,0,3
кропстер,13,37,16,/cropster,0,0,0,0,0,1
деловые линии презентация,12,33,0,/dl-smm,0,0,0,0,0,1
финэкспортурал,42,80,31,/finexportural,0,0,0,0,0,1
флоем,44,1986,3,/floema,0,0,0,0,0,2
флоема,22,486,90,/floema,0,0,0,0,0,2
пск френдс,43,40,3,/friends-target,0,0,0,0,0,2
жк френдс спб официальный сайт,44,2,2,/friends-target,0,0,0,0,0,2
фирма зеленый слон,16,109,34,/green-slon,0,0,0,0,1,7
мак зеленый слон,18,8,3,/green-slon,0,0,0,0,1,7
компания зеленый слон,21,46,23,/green-slon,0,0,0,0,1,7
зеленый слон официальный сайт,17,118,64,/green-slon,0,0,0,0,1,7
ооо агроимпэкс зеленый слон,19,5,4,/green-slon,0,0,0,0,1,7
зеленый слон производитель,10,48,19,/green-slon,0,0,0,0,1,7
зеленый слон сайт,36,129,5,/green-slon,0,0,0,0,1,7
зеленый слон орехи отзывы,13,1,0,/greenelephant,0,0,0,0,0,2
бренд зеленый слон,12,16,7,/greenelephant,0,0,0,0,0,2
руководитель smm,7,133,1,/head-of-smm,0,0,0,0,4,5
руководитель смм отдела,8,22,3,/head-of-smm,0,0,0,0,4,5
руководитель smm отдела,9,39,2,/head-of-smm,0,0,0,0,4,5
head of smm,8,108,24,/head-of-smm,0,0,0,0,4,5
head of smm вакансии,11,8,2,/head-of-smm,0,0,0,0,4,5
менеджер по работе с инфлюенсерами,32,15,4,/influence-manager,0,0,0,0,0,7
инфлюенс менеджер вакансии,18,40,16,/influence-manager,0,0,0,0,0,7
инфлюенсер вакансии,27,78,1,/influence-manager,0,0,0,0,0,7
influence marketing вакансии,38,7,1,/influence-manager,0,0,0,0,0,7
livedune вакансии,40,10,7,/influence-manager,0,0,0,0,0,7
работа инфлюенсер вакансии,33,59,55,/influence-manager,0,0,0,0,0,7
инфлюенс маркетолог вакансии,36,13,5,/influence-manager,0,0,0,0,0,7
логотип кит,15,572,9,/kit,11,1,2,2,2,30
тк логотип,15,293,3,/kit,11,1,2,2,2,30
транспортная компания кит и gtd это одно и тоже или нет,17,16,16,/kit,11,1,2,2,2,30
логотипы тк,17,270,1,/kit,11,1,2,2,2,30
кит gtd транспортная компания,19,86,17,/kit,11,1,2,2,2,30
примеры логотипа транспортной компании,28,9,2,/kit,11,1,2,2,2,30
транспортная компания gtd официальный,32,31,2,/kit,11,1,2,2,2,30
логотип тк,12,270,7,/kit,11,1,2,2,2,30
тк gtd кит,18,85,28,/kit,11,1,2,2,2,30
логотип транспортная компания,20,333,7,/kit,11,1,2,2,2,30
транспортная компания логотип,22,399,13,/kit,11,1,2,2,2,30
эмблема транспортной компании,24,31,1,/kit,11,1,2,2,2,30
логотип транспортной компании картинки,25,24,18,/kit,11,1,2,2,2,30
логотип грузоперевозки картинки,27,19,15,/kit,11,1,2,2,2,30
gtd кит транспортная компания,30,91,15,/kit,11,1,2,2,2,30
кит лого,31,103,9,/kit,11,1,2,2,2,30
тк кит логотип,2,24,10,/kit,11,1,2,2,2,30
кит логотип,15,581,10,/kit,11,1,2,2,2,30
gtd кит,16,318,29,/kit,11,1,2,2,2,30
лого транспортной компании,23,26,1,/kit,11,1,2,2,2,30
грузоперевозки логотип,24,192,30,/kit,11,1,2,2,2,30
логотип грузовой компании,30,40,22,/kit,11,1,2,2,2,30
логотип с китом,33,262,3,/kit,11,1,2,2,2,30
логотип транспортной компании кит,1,17,1,/kit,11,1,2,2,2,30
эмблема кит,19,157,7,/kit,11,1,2,2,2,30
логотипы транспортных компаний по грузоперевозкам,20,31,21,/kit,11,1,2,2,2,30
логотипы транспортных компаний,21,333,15,/kit,11,1,2,2,2,30
гтд кит,27,129,68,/kit,11,1,2,2,2,30
кит гтд,29,107,56,/kit,11,1,2,2,2,30
логотип кита,37,570,1,/kit,11,1,2,2,2,30
лимкорм сайт,38,486,7,/limkorm,0,0,0,0,0,6
лимкорм официальный сайт корма для собак,42,11,2,/limkorm,0,0,0,0,0,6
завод лимкорм,41,128,20,/limkorm,0,0,0,0,0,6
лим корм,43,59,22,/limkorm,0,0,0,0,0,6
лимкорм завод,42,125,20,/limkorm,0,0,0,0,0,6
лимкорм официальный,43,501,14,/limkorm,0,0,0,0,0,6
интерактивный каталог,15,508,6,/online-catalog,0,0,0,0,0,1
оптоклуб ряды,44,104,46,/pancakes,0,0,0,0,0,1
пир пак официальный сайт,29,108,80,/pir-pak-design-support,0,0,0,0,0,2
пир пак производство сыра,43,10,3,/pir-pak-design-support,0,0,0,0,0,2
360 продакшн,3,15,3,/production,5,0,1,2,2,4
продакшн 360,4,12,3,/production,5,0,1,2,2,4
продакшн фото,14,384,2,/production,5,0,1,2,2,4
кросс продакшн,36,11,4,/production,5,0,1,2,2,4
логотип для студии массажа,27,18,1,/sculptor,0,0,0,0,0,2
студия массажа логотип,35,44,2,/sculptor,0,0,0,0,0,2
смм чат,36,225,2,/smm,0,0,0,0,0,14
smm компании,29,401,1,/smm,0,0,0,0,0,14
смм компании,28,436,3,/smm,0,0,0,0,0,14
агентство смм,15,1176,133,/smm,0,0,0,0,0,14
smm сопровождение,20,60,6,/smm,0,0,0,0,0,14
смм сопровождение,13,61,4,/smm,0,0,0,0,0,14
агентство smm,29,1017,160,/smm,0,0,0,0,0,14
смм компания,29,436,33,/smm,0,0,0,0,0,14
группа смм,34,225,6,/smm,0,0,0,0,0,14
услуги смм агентства,38,14,1,/smm,0,0,0,0,0,14
агентство smm маркетинга,22,20,0,/smm,0,0,0,0,0,14
smm агентства,25,941,21,/smm,0,0,0,0,0,14
смм агентство,27,1137,121,/smm,0,0,0,0,0,14
сайт смм агентства,32,4,0,/smm,0,0,0,0,0,14
стажер смм вакансии,17,7,3,/smm-intern,0,0,0,0,0,8
стажер smm,19,41,4,/smm-intern,0,0,0,0,0,8
стажировки smm,17,75,6,/smm-intern,0,0,0,0,0,8
смм стажировка,12,111,12,/smm-intern,0,0,0,0,0,8
smm стажировка,17,85,19,/smm-intern,0,0,0,0,0,8
стажер смм,20,35,3,/smm-intern,0,0,0,0,0,8
smm стажер,17,61,8,/smm-intern,0,0,0,0,0,8
стажировка смм,25,111,12,/smm-intern,0,0,0,0,0,8
смм строительная компания,40,11,1,/stroytrest,0,0,0,0,0,2
смм в строительстве,40,19,4,/stroytrest,0,0,0,0,0,2
sublimix,39,26,2,/sublimix-toshiko,0,0,0,0,0,1
креативное агентство спб,7,47,16,/test-redesign,0,0,0,0,1,1
современный графический дизайн,1,1478,24,/tpost/15-design-trends-for-2026,387,9,14,22,37,60
тренды веб дизайна 2026,42,149,45,/tpost/15-design-trends-for-2026,387,9,14,22,37,60
тренды дизайна 2026,1,7108,87,/tpost/15-design-trends-for-2026,387,9,14,22,37,60
темы для дизайна,3,3909,3,/tpost/15-design-trends-for-2026,387,9,14,22,37,60
тренды графического дизайна,4,882,17,/tpost/15-design-trends-for-2026,387,9,14,22,37,60
современные направления дизайна,4,600,5,/tpost/15-design-trends-for-2026,387,9,14,22,37,60
современные тенденции графического дизайна,4,66,3,/tpost/15-design-trends-for-2026,387,9,14,22,37,60
современные тенденции в дизайне,4,1392,11,/tpost/15-design-trends-for-2026,387,9,14,22,37,60
темы графического дизайна,4,1042,4,/tpost/15-design-trends-for-2026,387,9,14,22,37,60
современный стиль в графическом дизайне,6,53,2,/tpost/15-design-trends-for-2026,387,9,14,22,37,60
современные тенденции в графическом дизайне,10,142,16,/tpost/15-design-trends-for-2026,387,9,14,22,37,60
что сейчас модно в дизайне,10,27,2,/tpost/15-design-trends-for-2026,387,9,14,22,37,60
современные стили в дизайне графическом,12,127,12,/tpost/15-design-trends-for-2026,387,9,14,22,37,60
картинки дизайна,13,12525,4,/tpost/15-design-trends-for-2026,387,9,14,22,37,60
новые направления в дизайне,17,117,4,/tpost/15-design-trends-for-2026,387,9,14,22,37,60
современные стили графического дизайна,17,172,13,/tpost/15-design-trends-for-2026,387,9,14,22,37,60
тренд картинки,19,3371,3,/tpost/15-design-trends-for-2026,387,9,14,22,37,60
трендовые картинки,29,1276,56,/tpost/15-design-trends-for-2026,387,9,14,22,37,60
дизайн и графика,40,5589,13,/tpost/15-design-trends-for-2026,387,9,14,22,37,60
рисунки которые сейчас в тренде,42,22,2,/tpost/15-design-trends-for-2026,387,9,14,22,37,60
новые тенденции в дизайне,1,167,3,/tpost/15-design-trends-for-2026,387,9,14,22,37,60
современные стили в графическом дизайне,6,127,12,/tpost/15-design-trends-for-2026,387,9,14,22,37,60
новые фишки дизайна,1,28,0,/tpost/15-design-trends-for-2026,387,9,14,22,37,60
современные тренды в графическом дизайне,1,86,15,/tpost/15-design-trends-for-2026,387,9,14,22,37,60
тренды в дизайне,1,4082,32,/tpost/15-design-trends-for-2026,387,9,14,22,37,60
дизайн новое,2,34504,0,/tpost/15-design-trends-for-2026,387,9,14,22,37,60
графический дизайн 2026,2,2272,27,/tpost/15-design-trends-for-2026,387,9,14,22,37,60
современные тенденции в области графического дизайна,3,46,9,/tpost/15-design-trends-for-2026,387,9,14,22,37,60
тема дизайн,9,17829,5,/tpost/15-design-trends-for-2026,387,9,14,22,37,60
какие рисунки сейчас популярны,9,31,5,/tpost/15-design-trends-for-2026,387,9,14,22,37,60
картинки что сейчас в тренде,9,59,9,/tpost/15-design-trends-for-2026,387,9,14,22,37,60
инновации в дизайне,16,383,0,/tpost/15-design-trends-for-2026,387,9,14,22,37,60
молодежный дизайн,38,3632,6,/tpost/15-design-trends-for-2026,387,9,14,22,37,60
тенденции дизайна,10,4737,1,/tpost/15-design-trends-for-2026,387,9,14,22,37,60
тенденции в дизайне,2,2758,10,/tpost/15-design-trends-for-2026,387,9,14,22,37,60
тренды в графике,5,1470,2,/tpost/15-design-trends-for-2026,387,9,14,22,37,60
современные тенденции дизайна,6,1806,7,/tpost/15-design-trends-for-2026,387,9,14,22,37,60
дизайн тренд,6,10537,4,/tpost/15-design-trends-for-2026,387,9,14,22,37,60
графический дизайн идеи,7,347,2,/tpost/15-design-trends-for-2026,387,9,14,22,37,60
современные тренды в дизайне,9,616,11,/tpost/15-design-trends-for-2026,387,9,14,22,37,60
тренды графического дизайна 2026,1,467,113,/tpost/15-design-trends-for-2026,387,9,14,22,37,60
тенденции современного дизайна,11,1867,2,/tpost/15-design-trends-for-2026,387,9,14,22,37,60
наивный дизайн,13,53,15,/tpost/15-design-trends-for-2026,387,9,14,22,37,60
тренды картинка,15,3367,10,/tpost/15-design-trends-for-2026,387,9,14,22,37,60
тренды 2026,19,482607,7040,/tpost/15-design-trends-for-2026,387,9,14,22,37,60
фон тренд,25,2633,2,/tpost/15-design-trends-for-2026,387,9,14,22,37,60
какие рисунки сейчас в тренде,32,35,8,/tpost/15-design-trends-for-2026,387,9,14,22,37,60
дизайн и креатив,41,158,3,/tpost/15-design-trends-for-2026,387,9,14,22,37,60
тренды дизайна,1,11157,19,/tpost/15-design-trends-for-2026,387,9,14,22,37,60
тренды дизайн,1,11157,8,/tpost/15-design-trends-for-2026,387,9,14,22,37,60
дизайн тема,5,7459,0,/tpost/15-design-trends-for-2026,387,9,14,22,37,60
стили современной графики,5,276,2,/tpost/15-design-trends-for-2026,387,9,14,22,37,60
современные направления в графическом дизайне,7,50,2,/tpost/15-design-trends-for-2026,387,9,14,22,37,60
тренды в графическом дизайне,8,537,17,/tpost/15-design-trends-for-2026,387,9,14,22,37,60
модная графика,10,638,0,/tpost/15-design-trends-for-2026,387,9,14,22,37,60
new trend design art,12,548,69,/tpost/15-design-trends-for-2026,387,9,14,22,37,60
картинка дизайн,15,12525,19,/tpost/15-design-trends-for-2026,387,9,14,22,37,60
стили в граф дизайне,22,122,8,/tpost/15-design-trends-for-2026,387,9,14,22,37,60
тренд рисунки,30,1814,13,/tpost/15-design-trends-for-2026,387,9,14,22,37,60
иллюстрации тренды,44,115,0,/tpost/15-design-trends-for-2026,387,9,14,22,37,60
бренд платформа это,14,354,67,/tpost/brand-platform,0,0,0,0,0,3
что такое бренд платформа,12,145,40,/tpost/brand-platform,0,0,0,0,0,3
brand platform,19,229,8,/tpost/brand-platform,0,0,0,0,0,3
бьюти контент,3,165,3,/tpost/fhby61l9c1-kontent-dlya-byuti-brenda-pochemu-rasska,3,0,1,1,2,2
контент бьюти,10,180,5,/tpost/fhby61l9c1-kontent-dlya-byuti-brenda-pochemu-rasska,3,0,1,1,2,2
бьюти инфлюенсер кто это,26,11,11,/tpost/influence-marketing-for-beauty-brands,0,0,0,0,0,1
брифинг что такое,25,2769,1352,/tpost/ngy2901pg1-idealnii-start-proekta-pravila-silnogo-b,0,0,0,0,0,1
архетипы брендов,39,1724,58,/tpost/o901002621-arhetipi-brenda-v-smm-govorit-tak-chtobi,0,0,0,0,0,1
рубрикатор контента,2,115,12,/tpost/pofkyzk0l1-chem-napolnyat-sotsseti-kazhdii-den,301,0,5,15,28,39
для рубрики,2,9300,0,/tpost/pofkyzk0l1-chem-napolnyat-sotsseti-kazhdii-den,301,0,5,15,28,39
как выглядит рубрикатор,4,9,2,/tpost/pofkyzk0l1-chem-napolnyat-sotsseti-kazhdii-den,301,0,5,15,28,39
рубрики контента,5,430,4,/tpost/pofkyzk0l1-chem-napolnyat-sotsseti-kazhdii-den,301,0,5,15,28,39
интересные рубрики для соцсетей,7,16,1,/tpost/pofkyzk0l1-chem-napolnyat-sotsseti-kazhdii-den,301,0,5,15,28,39
рубрикатор это,8,550,189,/tpost/pofkyzk0l1-chem-napolnyat-sotsseti-kazhdii-den,301,0,5,15,28,39
рубрикатор что это простыми словами,11,17,12,/tpost/pofkyzk0l1-chem-napolnyat-sotsseti-kazhdii-den,301,0,5,15,28,39
рубрикаторы это,15,550,14,/tpost/pofkyzk0l1-chem-napolnyat-sotsseti-kazhdii-den,301,0,5,15,28,39
еженедельная рубрика,16,84,3,/tpost/pofkyzk0l1-chem-napolnyat-sotsseti-kazhdii-den,301,0,5,15,28,39
сайт рубрикатор,24,382,11,/tpost/pofkyzk0l1-chem-napolnyat-sotsseti-kazhdii-den,301,0,5,15,28,39
рубрикатор для контент плана,3,32,16,/tpost/pofkyzk0l1-chem-napolnyat-sotsseti-kazhdii-den,301,0,5,15,28,39
рубрикатор контента это,4,23,3,/tpost/pofkyzk0l1-chem-napolnyat-sotsseti-kazhdii-den,301,0,5,15,28,39
что такое рубрикатор,6,272,95,/tpost/pofkyzk0l1-chem-napolnyat-sotsseti-kazhdii-den,301,0,5,15,28,39
рубрикатор что это,7,134,55,/tpost/pofkyzk0l1-chem-napolnyat-sotsseti-kazhdii-den,301,0,5,15,28,39
рубрикаторы что это,9,134,1,/tpost/pofkyzk0l1-chem-napolnyat-sotsseti-kazhdii-den,301,0,5,15,28,39
рубрикатор сайт,17,376,12,/tpost/pofkyzk0l1-chem-napolnyat-sotsseti-kazhdii-den,301,0,5,15,28,39
рубрикатор в смм это,2,11,5,/tpost/pofkyzk0l1-chem-napolnyat-sotsseti-kazhdii-den,301,0,5,15,28,39
рубрикаторы,4,59136,38,/tpost/pofkyzk0l1-chem-napolnyat-sotsseti-kazhdii-den,301,0,5,15,28,39
рубрикатор это простыми словами,4,43,27,/tpost/pofkyzk0l1-chem-napolnyat-sotsseti-kazhdii-den,301,0,5,15,28,39
рубрикатор пример,5,47,10,/tpost/pofkyzk0l1-chem-napolnyat-sotsseti-kazhdii-den,301,0,5,15,28,39
рубрикатор что такое,5,147,52,/tpost/pofkyzk0l1-chem-napolnyat-sotsseti-kazhdii-den,301,0,5,15,28,39
рубрики для контент плана,10,55,1,/tpost/pofkyzk0l1-chem-napolnyat-sotsseti-kazhdii-den,301,0,5,15,28,39
рубрикатор на сайте,14,111,1,/tpost/pofkyzk0l1-chem-napolnyat-sotsseti-kazhdii-den,301,0,5,15,28,39
какие бывают рубрики контента,4,4,2,/tpost/pofkyzk0l1-chem-napolnyat-sotsseti-kazhdii-den,301,0,5,15,28,39
рубрики для соцсетей,2,68,0,/tpost/pofkyzk0l1-chem-napolnyat-sotsseti-kazhdii-den,301,0,5,15,28,39
рубрикатор это что,4,134,55,/tpost/pofkyzk0l1-chem-napolnyat-sotsseti-kazhdii-den,301,0,5,15,28,39
рубрикатор что это такое,5,9,4,/tpost/pofkyzk0l1-chem-napolnyat-sotsseti-kazhdii-den,301,0,5,15,28,39
рубрики для социальных сетей,6,34,0,/tpost/pofkyzk0l1-chem-napolnyat-sotsseti-kazhdii-den,301,0,5,15,28,39
примеры рубрик для контент плана,7,10,2,/tpost/pofkyzk0l1-chem-napolnyat-sotsseti-kazhdii-den,301,0,5,15,28,39
рубрикатора,8,59145,9,/tpost/pofkyzk0l1-chem-napolnyat-sotsseti-kazhdii-den,301,0,5,15,28,39
рубрики для блога,8,56,0,/tpost/pofkyzk0l1-chem-napolnyat-sotsseti-kazhdii-den,301,0,5,15,28,39
рубрики для контент плана список,8,8,0,/tpost/pofkyzk0l1-chem-napolnyat-sotsseti-kazhdii-den,301,0,5,15,28,39
рубрикатор,10,59136,7115,/tpost/pofkyzk0l1-chem-napolnyat-sotsseti-kazhdii-den,301,0,5,15,28,39
рубрикатором,10,59144,8,/tpost/pofkyzk0l1-chem-napolnyat-sotsseti-kazhdii-den,301,0,5,15,28,39
какие есть рубрики,12,1400,6,/tpost/pofkyzk0l1-chem-napolnyat-sotsseti-kazhdii-den,301,0,5,15,28,39
имиджевый пост,14,45,7,/tpost/pofkyzk0l1-chem-napolnyat-sotsseti-kazhdii-den,301,0,5,15,28,39
рубрикатор вк,15,84,3,/tpost/pofkyzk0l1-chem-napolnyat-sotsseti-kazhdii-den,301,0,5,15,28,39
какие бывают рубрики,18,56,8,/tpost/pofkyzk0l1-chem-napolnyat-sotsseti-kazhdii-den,301,0,5,15,28,39
смм питер,29,76,8,/,89,2,2,2,3,22
smm агентство спб,32,1,1,/,89,2,2,2,3,22
брендинговое агентство спб,33,54,16,/,89,2,2,2,3,22
коммуникационные агентства спб,44,26,4,/,89,2,2,2,3,22
кроп медиа,1,49,34,/,89,2,2,2,3,22
кроп сайт,29,333,9,/,89,2,2,2,3,22
кропе,39,288301,2,/,89,2,2,2,3,22
медиа креатив,45,332,35,/,89,2,2,2,3,22
crop media,1,218,55,/,89,2,2,2,3,22
медиа агентство спб,6,12,0,/,89,2,2,2,3,22
брендинговые агентства спб,22,54,15,/,89,2,2,2,3,22
креативное агентство спб,27,47,16,/,89,2,2,2,3,22
кропс,38,1078,51,/,89,2,2,2,3,22
смм недвижимость,40,56,8,/,89,2,2,2,3,22
лучшие креативные агентства россии,44,8,4,/,89,2,2,2,3,22
промогрупп медиа,45,31,7,/,89,2,2,2,3,22
смм агентства спб,14,25,8,/,89,2,2,2,3,22
диджитал агентства спб,18,12,2,/,89,2,2,2,3,22
смм агентство спб,20,25,14,/,89,2,2,2,3,22
кропа,30,288364,65,/,89,2,2,2,3,22
crop сайт,40,82,8,/,89,2,2,2,3,22
герман архипов,42,22,1,/,89,2,2,2,3,22
ауринко делюкс солнечное,10,11,8,/aurinko-deluxe,0,0,0,0,1,3
aurinko deluxe,18,79,14,/aurinko-deluxe,0,0,0,0,1,3
ауринко делюкс,21,60,26,/aurinko-deluxe,0,0,0,0,1,3
клубный дом дуалист,23,68,29,/bfa-dualist,0,0,0,0,0,1
медиа 360,38,175,12,/branding,0,0,0,0,0,2
заказать брендинг,17,124,13,/branding,0,0,0,0,0,2
кроп it,15,6,0,/case,0,0,0,0,0,5
креат медиа гродно,43,2,2,/case,0,0,0,0,0,5
ооо кропс групп,48,28,22,/case,0,0,0,0,0,5
кроп ньюс,42,16,8,/case,0,0,0,0,0,5
компания кропс групп,39,2,2,/case,0,0,0,0,0,5
агрохолдинг юрма официальный сайт,38,11,0,/chuva,0,0,0,0,0,8
агрохолдинг юрма чебоксары,39,15,1,/chuva,0,0,0,0,0,8
агрохолдинг chuva,24,91,22,/chuva,0,0,0,0,0,8
чува,30,23412,166,/chuva,0,0,0,0,0,8
агрохолдинг юрма чебоксары официальный сайт,43,9,8,/chuva,0,0,0,0,0,8
chuva,28,1248,46,/chuva,0,0,0,0,0,8
агрохолдинг чува птицефабрика,30,7,6,/chuva,0,0,0,0,0,8
chuva курица,41,62,11,/chuva,0,0,0,0,0,8
контент мейкер кто это,38,319,200,/content-creator,0,0,0,0,0,3
как стать контент мейкером,33,113,17,/content-creator,0,0,0,0,0,3
контент мейкер это,38,847,366,/content-creator,0,0,0,0,0,3
кропстер,13,37,16,/cropster,0,0,0,0,0,1
деловые линии презентация,12,33,0,/dl-smm,0,0,0,0,0,1
финэкспортурал,42,80,31,/finexportural,0,0,0,0,0,1
флоем,44,1986,3,/floema,0,0,0,0,0,2
флоема,22,486,90,/floema,0,0,0,0,0,2
пск френдс,43,40,3,/friends-target,0,0,0,0,0,2
жк френдс спб официальный сайт,44,2,2,/friends-target,0,0,0,0,0,2
фирма зеленый слон,16,109,34,/green-slon,0,0,0,0,1,7
мак зеленый слон,18,8,3,/green-slon,0,0,0,0,1,7
компания зеленый слон,21,46,23,/green-slon,0,0,0,0,1,7
зеленый слон производитель,10,48,19,/green-slon,0,0,0,0,1,7
зеленый слон сайт,36,129,5,/green-slon,0,0,0,0,1,7
зеленый слон официальный сайт,17,118,64,/green-slon,0,0,0,0,1,7
ооо агроимпэкс зеленый слон,19,5,4,/green-slon,0,0,0,0,1,7
зеленый слон орехи отзывы,13,1,0,/greenelephant,0,0,0,0,0,2
бренд зеленый слон,12,16,7,/greenelephant,0,0,0,0,0,2
руководитель smm,7,133,1,/head-of-smm,0,0,0,0,4,5
руководитель смм отдела,8,22,3,/head-of-smm,0,0,0,0,4,5
руководитель smm отдела,9,39,2,/head-of-smm,0,0,0,0,4,5
head of smm вакансии,11,8,2,/head-of-smm,0,0,0,0,4,5
head of smm,8,108,24,/head-of-smm,0,0,0,0,4,5
менеджер по работе с инфлюенсерами,32,15,4,/influence-manager,0,0,0,0,0,7
инфлюенсер вакансии,27,78,1,/influence-manager,0,0,0,0,0,7
инфлюенс менеджер вакансии,18,40,16,/influence-manager,0,0,0,0,0,7
работа инфлюенсер вакансии,33,59,55,/influence-manager,0,0,0,0,0,7
инфлюенс маркетолог вакансии,36,13,5,/influence-manager,0,0,0,0,0,7
influence marketing вакансии,38,7,1,/influence-manager,0,0,0,0,0,7
livedune вакансии,40,10,7,/influence-manager,0,0,0,0,0,7
логотип кит,15,572,9,/kit,11,1,2,2,2,30
тк логотип,15,293,3,/kit,11,1,2,2,2,30
транспортная компания кит и gtd это одно и тоже или нет,17,16,16,/kit,11,1,2,2,2,30
логотипы тк,17,270,1,/kit,11,1,2,2,2,30
кит gtd транспортная компания,19,86,17,/kit,11,1,2,2,2,30
примеры логотипа транспортной компании,28,9,2,/kit,11,1,2,2,2,30
транспортная компания gtd официальный,32,31,2,/kit,11,1,2,2,2,30
кит лого,31,103,9,/kit,11,1,2,2,2,30
логотип тк,12,270,7,/kit,11,1,2,2,2,30
тк gtd кит,18,85,28,/kit,11,1,2,2,2,30
логотип транспортная компания,20,333,7,/kit,11,1,2,2,2,30
транспортная компания логотип,22,399,13,/kit,11,1,2,2,2,30
эмблема транспортной компании,24,31,1,/kit,11,1,2,2,2,30
логотип транспортной компании картинки,25,24,18,/kit,11,1,2,2,2,30
логотип грузоперевозки картинки,27,19,15,/kit,11,1,2,2,2,30
gtd кит транспортная компания,30,91,15,/kit,11,1,2,2,2,30
логотип транспортной компании кит,1,17,1,/kit,11,1,2,2,2,30
эмблема кит,19,157,7,/kit,11,1,2,2,2,30
логотипы транспортных компаний по грузоперевозкам,20,31,21,/kit,11,1,2,2,2,30
логотипы транспортных компаний,21,333,15,/kit,11,1,2,2,2,30
гтд кит,27,129,68,/kit,11,1,2,2,2,30
кит гтд,29,107,56,/kit,11,1,2,2,2,30
логотип кита,37,570,1,/kit,11,1,2,2,2,30
тк кит логотип,2,24,10,/kit,11,1,2,2,2,30
кит логотип,15,581,10,/kit,11,1,2,2,2,30
gtd кит,16,318,29,/kit,11,1,2,2,2,30
лого транспортной компании,23,26,1,/kit,11,1,2,2,2,30
грузоперевозки логотип,24,192,30,/kit,11,1,2,2,2,30
логотип грузовой компании,30,40,22,/kit,11,1,2,2,2,30
логотип с китом,33,262,3,/kit,11,1,2,2,2,30
лимкорм сайт,38,486,7,/limkorm,0,0,0,0,0,6
лимкорм официальный сайт корма для собак,42,11,2,/limkorm,0,0,0,0,0,6
завод лимкорм,41,128,20,/limkorm,0,0,0,0,0,6
лим корм,43,59,22,/limkorm,0,0,0,0,0,6
лимкорм официальный,43,501,14,/limkorm,0,0,0,0,0,6
лимкорм завод,42,125,20,/limkorm,0,0,0,0,0,6
интерактивный каталог,15,508,6,/online-catalog,0,0,0,0,0,1
оптоклуб ряды,44,104,46,/pancakes,0,0,0,0,0,1
пир пак официальный сайт,29,108,80,/pir-pak-design-support,0,0,0,0,0,2
пир пак производство сыра,43,10,3,/pir-pak-design-support,0,0,0,0,0,2
360 продакшн,3,15,3,/production,5,0,1,2,2,4
продакшн 360,4,12,3,/production,5,0,1,2,2,4
продакшн фото,14,384,2,/production,5,0,1,2,2,4
кросс продакшн,36,11,4,/production,5,0,1,2,2,4
логотип для студии массажа,27,18,1,/sculptor,0,0,0,0,0,2
студия массажа логотип,35,44,2,/sculptor,0,0,0,0,0,2
смм чат,36,225,2,/smm,0,0,0,0,0,14
smm компании,29,401,1,/smm,0,0,0,0,0,14
агентство smm маркетинга,22,20,0,/smm,0,0,0,0,0,14
smm агентства,25,941,21,/smm,0,0,0,0,0,14
смм агентство,27,1137,121,/smm,0,0,0,0,0,14
сайт смм агентства,32,4,0,/smm,0,0,0,0,0,14
агентство smm,29,1017,160,/smm,0,0,0,0,0,14
агентство смм,15,1176,133,/smm,0,0,0,0,0,14
smm сопровождение,20,60,6,/smm,0,0,0,0,0,14
смм компании,28,436,3,/smm,0,0,0,0,0,14
смм сопровождение,13,61,4,/smm,0,0,0,0,0,14
смм компания,29,436,33,/smm,0,0,0,0,0,14
группа смм,34,225,6,/smm,0,0,0,0,0,14
услуги смм агентства,38,14,1,/smm,0,0,0,0,0,14
стажер смм вакансии,17,7,3,/smm-intern,0,0,0,0,0,8
стажер smm,19,41,4,/smm-intern,0,0,0,0,0,8
стажировки smm,17,75,6,/smm-intern,0,0,0,0,0,8
стажер смм,20,35,3,/smm-intern,0,0,0,0,0,8
smm стажер,17,61,8,/smm-intern,0,0,0,0,0,8
стажировка смм,25,111,12,/smm-intern,0,0,0,0,0,8
смм стажировка,12,111,12,/smm-intern,0,0,0,0,0,8
smm стажировка,17,85,19,/smm-intern,0,0,0,0,0,8
смм строительная компания,40,11,1,/stroytrest,0,0,0,0,0,2
смм в строительстве,40,19,4,/stroytrest,0,0,0,0,0,2
sublimix,39,26,2,/sublimix-toshiko,0,0,0,0,0,1
креативное агентство спб,7,47,16,/test-redesign,0,0,0,0,1,1
современный графический дизайн,1,1478,24,/tpost/15-design-trends-for-2026,387,9,14,22,37,60
тренды веб дизайна 2026,42,149,45,/tpost/15-design-trends-for-2026,387,9,14,22,37,60
тренды дизайна 2026,1,7108,87,/tpost/15-design-trends-for-2026,387,9,14,22,37,60
темы для дизайна,3,3909,3,/tpost/15-design-trends-for-2026,387,9,14,22,37,60
тренды графического дизайна,4,882,17,/tpost/15-design-trends-for-2026,387,9,14,22,37,60
современные направления дизайна,4,600,5,/tpost/15-design-trends-for-2026,387,9,14,22,37,60
современные тенденции графического дизайна,4,66,3,/tpost/15-design-trends-for-2026,387,9,14,22,37,60
современные тенденции в дизайне,4,1392,11,/tpost/15-design-trends-for-2026,387,9,14,22,37,60
темы графического дизайна,4,1042,4,/tpost/15-design-trends-for-2026,387,9,14,22,37,60
современный стиль в графическом дизайне,6,53,2,/tpost/15-design-trends-for-2026,387,9,14,22,37,60
современные тенденции в графическом дизайне,10,142,16,/tpost/15-design-trends-for-2026,387,9,14,22,37,60
что сейчас модно в дизайне,10,27,2,/tpost/15-design-trends-for-2026,387,9,14,22,37,60
современные стили в дизайне графическом,12,127,12,/tpost/15-design-trends-for-2026,387,9,14,22,37,60
картинки дизайна,13,12525,4,/tpost/15-design-trends-for-2026,387,9,14,22,37,60
новые направления в дизайне,17,117,4,/tpost/15-design-trends-for-2026,387,9,14,22,37,60
современные стили графического дизайна,17,172,13,/tpost/15-design-trends-for-2026,387,9,14,22,37,60
тренд картинки,19,3371,3,/tpost/15-design-trends-for-2026,387,9,14,22,37,60
трендовые картинки,29,1276,56,/tpost/15-design-trends-for-2026,387,9,14,22,37,60
дизайн и графика,40,5589,13,/tpost/15-design-trends-for-2026,387,9,14,22,37,60
рисунки которые сейчас в тренде,42,22,2,/tpost/15-design-trends-for-2026,387,9,14,22,37,60
новые тенденции в дизайне,1,167,3,/tpost/15-design-trends-for-2026,387,9,14,22,37,60
современные тенденции в области графического дизайна,3,46,9,/tpost/15-design-trends-for-2026,387,9,14,22,37,60
современные стили в графическом дизайне,6,127,12,/tpost/15-design-trends-for-2026,387,9,14,22,37,60
новые фишки дизайна,1,28,0,/tpost/15-design-trends-for-2026,387,9,14,22,37,60
современные тренды в графическом дизайне,1,86,15,/tpost/15-design-trends-for-2026,387,9,14,22,37,60
тренды в дизайне,1,4082,32,/tpost/15-design-trends-for-2026,387,9,14,22,37,60
дизайн новое,2,34504,0,/tpost/15-design-trends-for-2026,387,9,14,22,37,60
графический дизайн 2026,2,2272,27,/tpost/15-design-trends-for-2026,387,9,14,22,37,60
тема дизайн,9,17829,5,/tpost/15-design-trends-for-2026,387,9,14,22,37,60
какие рисунки сейчас популярны,9,31,5,/tpost/15-design-trends-for-2026,387,9,14,22,37,60
картинки что сейчас в тренде,9,59,9,/tpost/15-design-trends-for-2026,387,9,14,22,37,60
инновации в дизайне,16,383,0,/tpost/15-design-trends-for-2026,387,9,14,22,37,60
молодежный дизайн,38,3632,6,/tpost/15-design-trends-for-2026,387,9,14,22,37,60
тренды дизайна,1,11157,19,/tpost/15-design-trends-for-2026,387,9,14,22,37,60
тренды дизайн,1,11157,8,/tpost/15-design-trends-for-2026,387,9,14,22,37,60
дизайн тема,5,7459,0,/tpost/15-design-trends-for-2026,387,9,14,22,37,60
стили современной графики,5,276,2,/tpost/15-design-trends-for-2026,387,9,14,22,37,60
современные направления в графическом дизайне,7,50,2,/tpost/15-design-trends-for-2026,387,9,14,22,37,60
тренды в графическом дизайне,8,537,17,/tpost/15-design-trends-for-2026,387,9,14,22,37,60
модная графика,10,638,0,/tpost/15-design-trends-for-2026,387,9,14,22,37,60
new trend design art,12,548,69,/tpost/15-design-trends-for-2026,387,9,14,22,37,60
картинка дизайн,15,12525,19,/tpost/15-design-trends-for-2026,387,9,14,22,37,60
стили в граф дизайне,22,122,8,/tpost/15-design-trends-for-2026,387,9,14,22,37,60
тренд рисунки,30,1814,13,/tpost/15-design-trends-for-2026,387,9,14,22,37,60
иллюстрации тренды,44,115,0,/tpost/15-design-trends-for-2026,387,9,14,22,37,60
тенденции современного дизайна,11,1867,2,/tpost/15-design-trends-for-2026,387,9,14,22,37,60
дизайн и креатив,41,158,3,/tpost/15-design-trends-for-2026,387,9,14,22,37,60
тренды в графике,5,1470,2,/tpost/15-design-trends-for-2026,387,9,14,22,37,60
современные тенденции дизайна,6,1806,7,/tpost/15-design-trends-for-2026,387,9,14,22,37,60
дизайн тренд,6,10537,4,/tpost/15-design-trends-for-2026,387,9,14,22,37,60
графический дизайн идеи,7,347,2,/tpost/15-design-trends-for-2026,387,9,14,22,37,60
современные тренды в дизайне,9,616,11,/tpost/15-design-trends-for-2026,387,9,14,22,37,60
тенденции дизайна,10,4737,1,/tpost/15-design-trends-for-2026,387,9,14,22,37,60
тренды графического дизайна 2026,1,467,113,/tpost/15-design-trends-for-2026,387,9,14,22,37,60
наивный дизайн,13,53,15,/tpost/15-design-trends-for-2026,387,9,14,22,37,60
тренды картинка,15,3367,10,/tpost/15-design-trends-for-2026,387,9,14,22,37,60
тренды 2026,19,482607,7040,/tpost/15-design-trends-for-2026,387,9,14,22,37,60
фон тренд,25,2633,2,/tpost/15-design-trends-for-2026,387,9,14,22,37,60
какие рисунки сейчас в тренде,32,35,8,/tpost/15-design-trends-for-2026,387,9,14,22,37,60
тенденции в дизайне,2,2758,10,/tpost/15-design-trends-for-2026,387,9,14,22,37,60
бренд платформа это,14,354,67,/tpost/brand-platform,0,0,0,0,0,3
что такое бренд платформа,12,145,40,/tpost/brand-platform,0,0,0,0,0,3
brand platform,19,229,8,/tpost/brand-platform,0,0,0,0,0,3
бьюти контент,3,165,3,/tpost/fhby61l9c1-kontent-dlya-byuti-brenda-pochemu-rasska,3,0,1,1,2,2
контент бьюти,10,180,5,/tpost/fhby61l9c1-kontent-dlya-byuti-brenda-pochemu-rasska,3,0,1,1,2,2
бьюти инфлюенсер кто это,26,11,11,/tpost/influence-marketing-for-beauty-brands,0,0,0,0,0,1
брифинг что такое,25,2769,1352,/tpost/ngy2901pg1-idealnii-start-proekta-pravila-silnogo-b,0,0,0,0,0,1
архетипы брендов,39,1724,58,/tpost/o901002621-arhetipi-brenda-v-smm-govorit-tak-chtobi,0,0,0,0,0,1
рубрикатор контента,2,115,12,/tpost/pofkyzk0l1-chem-napolnyat-sotsseti-kazhdii-den,301,0,5,15,28,39
для рубрики,2,9300,0,/tpost/pofkyzk0l1-chem-napolnyat-sotsseti-kazhdii-den,301,0,5,15,28,39
как выглядит рубрикатор,4,9,2,/tpost/pofkyzk0l1-chem-napolnyat-sotsseti-kazhdii-den,301,0,5,15,28,39
рубрики контента,5,430,4,/tpost/pofkyzk0l1-chem-napolnyat-sotsseti-kazhdii-den,301,0,5,15,28,39
интересные рубрики для соцсетей,7,16,1,/tpost/pofkyzk0l1-chem-napolnyat-sotsseti-kazhdii-den,301,0,5,15,28,39
рубрикатор это,8,550,189,/tpost/pofkyzk0l1-chem-napolnyat-sotsseti-kazhdii-den,301,0,5,15,28,39
рубрикатор что это простыми словами,11,17,12,/tpost/pofkyzk0l1-chem-napolnyat-sotsseti-kazhdii-den,301,0,5,15,28,39
рубрикаторы это,15,550,14,/tpost/pofkyzk0l1-chem-napolnyat-sotsseti-kazhdii-den,301,0,5,15,28,39
еженедельная рубрика,16,84,3,/tpost/pofkyzk0l1-chem-napolnyat-sotsseti-kazhdii-den,301,0,5,15,28,39
сайт рубрикатор,24,382,11,/tpost/pofkyzk0l1-chem-napolnyat-sotsseti-kazhdii-den,301,0,5,15,28,39
рубрикатор сайт,17,376,12,/tpost/pofkyzk0l1-chem-napolnyat-sotsseti-kazhdii-den,301,0,5,15,28,39
рубрикатор для контент плана,3,32,16,/tpost/pofkyzk0l1-chem-napolnyat-sotsseti-kazhdii-den,301,0,5,15,28,39
рубрикатор контента это,4,23,3,/tpost/pofkyzk0l1-chem-napolnyat-sotsseti-kazhdii-den,301,0,5,15,28,39
что такое рубрикатор,6,272,95,/tpost/pofkyzk0l1-chem-napolnyat-sotsseti-kazhdii-den,301,0,5,15,28,39
рубрикатор что это,7,134,55,/tpost/pofkyzk0l1-chem-napolnyat-sotsseti-kazhdii-den,301,0,5,15,28,39
рубрикаторы что это,9,134,1,/tpost/pofkyzk0l1-chem-napolnyat-sotsseti-kazhdii-den,301,0,5,15,28,39
какие бывают рубрики контента,4,4,2,/tpost/pofkyzk0l1-chem-napolnyat-sotsseti-kazhdii-den,301,0,5,15,28,39
рубрики для соцсетей,2,68,0,/tpost/pofkyzk0l1-chem-napolnyat-sotsseti-kazhdii-den,301,0,5,15,28,39
рубрикатор это что,4,134,55,/tpost/pofkyzk0l1-chem-napolnyat-sotsseti-kazhdii-den,301,0,5,15,28,39
рубрикатор что это такое,5,9,4,/tpost/pofkyzk0l1-chem-napolnyat-sotsseti-kazhdii-den,301,0,5,15,28,39
рубрики для социальных сетей,6,34,0,/tpost/pofkyzk0l1-chem-napolnyat-sotsseti-kazhdii-den,301,0,5,15,28,39
примеры рубрик для контент плана,7,10,2,/tpost/pofkyzk0l1-chem-napolnyat-sotsseti-kazhdii-den,301,0,5,15,28,39
рубрикатора,8,59145,9,/tpost/pofkyzk0l1-chem-napolnyat-sotsseti-kazhdii-den,301,0,5,15,28,39
рубрики для блога,8,56,0,/tpost/pofkyzk0l1-chem-napolnyat-sotsseti-kazhdii-den,301,0,5,15,28,39
рубрики для контент плана список,8,8,0,/tpost/pofkyzk0l1-chem-napolnyat-sotsseti-kazhdii-den,301,0,5,15,28,39
рубрикатор,10,59136,7115,/tpost/pofkyzk0l1-chem-napolnyat-sotsseti-kazhdii-den,301,0,5,15,28,39
рубрикатором,10,59144,8,/tpost/pofkyzk0l1-chem-napolnyat-sotsseti-kazhdii-den,301,0,5,15,28,39
какие есть рубрики,12,1400,6,/tpost/pofkyzk0l1-chem-napolnyat-sotsseti-kazhdii-den,301,0,5,15,28,39
имиджевый пост,14,45,7,/tpost/pofkyzk0l1-chem-napolnyat-sotsseti-kazhdii-den,301,0,5,15,28,39
рубрикатор вк,15,84,3,/tpost/pofkyzk0l1-chem-napolnyat-sotsseti-kazhdii-den,301,0,5,15,28,39
какие бывают рубрики,18,56,8,/tpost/pofkyzk0l1-chem-napolnyat-sotsseti-kazhdii-den,301,0,5,15,28,39
рубрика что это такое,34,116,4,/tpost/pofkyzk0l1-chem-napolnyat-sotsseti-kazhdii-den,301,0,5,15,28,39
рубрикаторы,4,59136,38,/tpost/pofkyzk0l1-chem-napolnyat-sotsseti-kazhdii-den,301,0,5,15,28,39
рубрикатор это простыми словами,4,43,27,/tpost/pofkyzk0l1-chem-napolnyat-sotsseti-kazhdii-den,301,0,5,15,28,39
рубрикатор пример,5,47,10,/tpost/pofkyzk0l1-chem-napolnyat-sotsseti-kazhdii-den,301,0,5,15,28,39
рубрикатор что такое,5,147,52,/tpost/pofkyzk0l1-chem-napolnyat-sotsseti-kazhdii-den,301,0,5,15,28,39
рубрики для контент плана,10,55,1,/tpost/pofkyzk0l1-chem-napolnyat-sotsseti-kazhdii-den,301,0,5,15,28,39
рубрикатор на сайте,14,111,1,/tpost/pofkyzk0l1-chem-napolnyat-sotsseti-kazhdii-den,301,0,5,15,28,39
